{
  "feed": "SourH2O Feed",
  "composition": {
    "H2S": 0.018,
    "Ammonia": 0.035,
    "H2O": 0.947
  },
  "T": 37.7777777777778,
  "P": 2.75790363471,
  "F": 17580.696098650944
}